Workbook

Sheet Data
A1: Site | B1: Datetime | C1: Level (in) | D1: Level (in), >= 0 | E1: H2 (m) | F1: H2_eff (m) | G1: H1 (m) | H1: H1_eff (m) | I1: Flow (m3/s) vnotch | J1: Flow (m3/s) rectangle | K1: Flow (m3/s) | L1: Flow (gpm) | M1: Flow (cfs)
C2: 0 | D2: =IF(C2>=0,C2,0) -> 0 | E2: =D2*0.0254 -> 0 | F2: =IF(E2>0, E2+0.0008, 0) -> 0 | G2: =IF(E2>'Weir dims'!$D$7, E2-'Weir dims'!$D$7, 0) -> 0 | H2: =IF(G2>0, G2+0.0008, 0) -> 0 | I2: =(8/15) * 'Weir dims'!$B$21 * ((2*9.81)^0.5) * (TAN(RADIANS('Weir dims'!$B$2)/2)) * ((F2^2.5) - (H2^2.5)) -> 0 | J2: =(2/3) * 'Weir dims'!$B$22 * ((2*9.81)^0.5) * ('Weir dims'!$D$4 + 'Weir dims'!$D$5) * (H2 ^1.5) -> 0 | K2: =IF(J2>0, ( I2+J2 ) * 1.092, I2) -> 0 | L2: =K2 * 15850.372483753 -> 0 | M2: =K2 * 35.3146667 -> 0
C3: 1 | D3: =IF(C3>=0,C3,0) -> 1 | E3: =D3*0.0254 -> 0.0254 | F3: =IF(E3>0, E3+0.0008, 0) -> 0.0262 | G3: =IF(E3>'Weir dims'!$D$7, E3-'Weir dims'!$D$7, 0) -> 0 | H3: =IF(G3>0, G3+0.0008, 0) -> 0 | I3: =(8/15) * 'Weir dims'!$B$21 * ((2*9.81)^0.5) * (TAN(RADIANS('Weir dims'!$B$2)/2)) * ((F3^2.5) - (H3^2.5)) -> 0.00015197775 | J3: =(2/3) * 'Weir dims'!$B$22 * ((2*9.81)^0.5) * ('Weir dims'!$D$4 + 'Weir dims'!$D$5) * (H3 ^1.5) -> 0 | K3: =IF(J3>0, ( I3+J3 ) * 1.092, I3) -> 0.00015197775 | L3: =K3 * 15850.372483753 -> 2.408904 | M3: =K3 * 35.3146667 -> 0.0053670437

Sheet Compound vs Simple 120 V
A1: Level (in) | B1: Level (in), >= 0 | C1: H2 (m) | D1: H2_eff (m) | E1: H1 (m) | F1: H1_eff (m) | G1: Flow (m3/s) vnotch | H1: Flow (m3/s) rectangle | I1: Flow (m3/s) | J1: Flow (gpm) | K1: Flow (cfs) | M1: Flow as simple vnotch m3/s | N1: gpm | O1: cfs | Q1: Flow as rectangular weir m3/s | R1: gpm | S1: cfs
A2: 0 | B2: =IF(A2>=0,A2,0) -> 0 | C2: =B2*0.0254 -> 0 | D2: =IF(C2>0, C2+0.0008, 0) -> 0 | E2: =IF(C2>'Weir dims'!$D$7, C2-'Weir dims'!$D$7, 0) -> 0 | F2: =IF(E2>0, E2+0.0008, 0) -> 0 | G2: =(8/15) * 'Weir dims'!$B$21 * ((2*9.81)^0.5)*(TAN(RADIANS('Weir dims'!$B$2)/2)) * ((D2^2.5) - (F2^2.5)) -> 0 | H2: =(2/3) * 'Weir dims'!$B$22 * ((2*9.81)^0.5) * ('Weir dims'!$D$4 + 'Weir dims'!$D$5) * (F2 ^1.5) -> 0 | I2: =IF(H2>0, ( G2+H2 ) * 1.092, G2) -> 0 | J2: =I2 * 15850.372483753 -> 0 | K2: =I2 * 35.3146667 -> 0 | M2: =(8/15) * 'Weir dims'!$B$21 * ((2*9.81)^0.5)*(TAN(RADIANS('Weir dims'!$B$2)/2)) * (D2^2.5) -> 0 | N2: =M2 * 15850.372483753 -> 0 | O2: =M2 * 35.3146667 -> 0 | Q2: =(2/3)*'Weir dims'!$B$22*((2*9.81)^0.5)*('Weir dims'!$D$4 + 'Weir dims'!$D$5)*(D2^1.5) -> 0 | R2: =Q2 * 15850.372483753 -> 0 | S2: =Q2 * 35.3146667 -> 0
A3: =A2+0.25 -> 0.25 | B3: =IF(A3>=0,A3,0) -> 0.25 | C3: =B3*0.0254 -> 0.00635 | D3: =IF(C3>0, C3+0.0008, 0) -> 0.00715 | E3: =IF(C3>'Weir dims'!$D$7, C3-'Weir dims'!$D$7, 0) -> 0 | F3: =IF(E3>0, E3+0.0008, 0) -> 0 | G3: =(8/15) * 'Weir dims'!$B$21 * ((2*9.81)^0.5)*(TAN(RADIANS('Weir dims'!$B$2)/2)) * ((D3^2.5) - (F3^2.5)) -> 5.9127824e-06 | H3: =(2/3) * 'Weir dims'!$B$22 * ((2*9.81)^0.5) * ('Weir dims'!$D$4 + 'Weir dims'!$D$5) * (F3 ^1.5) -> 0 | I3: =IF(H3>0, ( G3+H3 ) * 1.092, G3) -> 5.9127824e-06 | J3: =I3 * 15850.372483753 -> 0.093719804 | K3: =I3 * 35.3146667 -> 0.00020880794 | M3: =(8/15) * 'Weir dims'!$B$21 * ((2*9.81)^0.5)*(TAN(RADIANS('Weir dims'!$B$2)/2)) * (D3^2.5) -> 5.9127824e-06 | N3: =M3 * 15850.372483753 -> 0.093719804 | O3: =M3 * 35.3146667 -> 0.00020880794 | Q3: =(2/3)*'Weir dims'!$B$22*((2*9.81)^0.5)*('Weir dims'!$D$4 + 'Weir dims'!$D$5)*(D3^1.5) -> 0.00018728417 | R3: =Q3 * 15850.372483753 -> 2.9685239 | S3: =Q3 * 35.3146667 -> 0.0066138781
A4: =A3+0.25 -> 0.5 | B4: =IF(A4>=0,A4,0) -> 0.5 | C4: =B4*0.0254 -> 0.0127 | D4: =IF(C4>0, C4+0.0008, 0) -> 0.0135 | E4: =IF(C4>'Weir dims'!$D$7, C4-'Weir dims'!$D$7, 0) -> 0 | F4: =IF(E4>0, E4+0.0008, 0) -> 0 | G4: =(8/15) * 'Weir dims'!$B$21 * ((2*9.81)^0.5)*(TAN(RADIANS('Weir dims'!$B$2)/2)) * ((D4^2.5) - (F4^2.5)) -> 2.8964178e-05 | H4: =(2/3) * 'Weir dims'!$B$22 * ((2*9.81)^0.5) * ('Weir dims'!$D$4 + 'Weir dims'!$D$5) * (F4 ^1.5) -> 0 | I4: =IF(H4>0, ( G4+H4 ) * 1.092, G4) -> 2.8964178e-05 | J4: =I4 * 15850.372483753 -> 0.45909302 | K4: =I4 * 35.3146667 -> 0.0010228603 | M4: =(8/15) * 'Weir dims'!$B$21 * ((2*9.81)^0.5)*(TAN(RADIANS('Weir dims'!$B$2)/2)) * (D4^2.5) -> 2.8964178e-05 | N4: =M4 * 15850.372483753 -> 0.45909302 | O4: =M4 * 35.3146667 -> 0.0010228603 | Q4: =(2/3)*'Weir dims'!$B$22*((2*9.81)^0.5)*('Weir dims'!$D$4 + 'Weir dims'!$D$5)*(D4^1.5) -> 0.00048589526 | R4: =Q4 * 15850.372483753 -> 7.7016209 | S4: =Q4 * 35.3146667 -> 0.017159229
A5: =A4+0.25 -> 0.75 | B5: =IF(A5>=0,A5,0) -> 0.75 | C5: =B5*0.0254 -> 0.01905 | D5: =IF(C5>0, C5+0.0008, 0) -> 0.01985 | E5: =IF(C5>'Weir dims'!$D$7, C5-'Weir dims'!$D$7, 0) -> 0 | F5: =IF(E5>0, E5+0.0008, 0) -> 0 | G5: =(8/15) * 'Weir dims'!$B$21 * ((2*9.81)^0.5)*(TAN(RADIANS('Weir dims'!$B$2)/2)) * ((D5^2.5) - (F5^2.5)) -> 7.5932565e-05 | H5: =(2/3) * 'Weir dims'!$B$22 * ((2*9.81)^0.5) * ('Weir dims'!$D$4 + 'Weir dims'!$D$5) * (F5 ^1.5) -> 0 | I5: =IF(H5>0, ( G5+H5 ) * 1.092, G5) -> 7.5932565e-05 | J5: =I5 * 15850.372483753 -> 1.2035594 | K5: =I5 * 35.3146667 -> 0.0026815332 | M5: =(8/15) * 'Weir dims'!$B$21 * ((2*9.81)^0.5)*(TAN(RADIANS('Weir dims'!$B$2)/2)) * (D5^2.5) -> 7.5932565e-05 | N5: =M5 * 15850.372483753 -> 1.2035594 | O5: =M5 * 35.3146667 -> 0.0026815332 | Q5: =(2/3)*'Weir dims'!$B$22*((2*9.81)^0.5)*('Weir dims'!$D$4 + 'Weir dims'!$D$5)*(D5^1.5) -> 0.00086632885 | R5: =Q5 * 15850.372483753 -> 13.731635 | S5: =Q5 * 35.3146667 -> 0.030594115
A6: =A5+0.25 -> 1 | B6: =IF(A6>=0,A6,0) -> 1 | C6: =B6*0.0254 -> 0.0254 | D6: =IF(C6>0, C6+0.0008, 0) -> 0.0262 | E6: =IF(C6>'Weir dims'!$D$7, C6-'Weir dims'!$D$7, 0) -> 0 | F6: =IF(E6>0, E6+0.0008, 0) -> 0 | G6: =(8/15) * 'Weir dims'!$B$21 * ((2*9.81)^0.5)*(TAN(RADIANS('Weir dims'!$B$2)/2)) * ((D6^2.5) - (F6^2.5)) -> 0.00015197775 | H6: =(2/3) * 'Weir dims'!$B$22 * ((2*9.81)^0.5) * ('Weir dims'!$D$4 + 'Weir dims'!$D$5) * (F6 ^1.5) -> 0 | I6: =IF(H6>0, ( G6+H6 ) * 1.092, G6) -> 0.00015197775 | J6: =I6 * 15850.372483753 -> 2.408904 | K6: =I6 * 35.3146667 -> 0.0053670437 | M6: =(8/15) * 'Weir dims'!$B$21 * ((2*9.81)^0.5)*(TAN(RADIANS('Weir dims'!$B$2)/2)) * (D6^2.5) -> 0.00015197775 | N6: =M6 * 15850.372483753 -> 2.408904 | O6: =M6 * 35.3146667 -> 0.0053670437 | Q6: =(2/3)*'Weir dims'!$B$22*((2*9.81)^0.5)*('Weir dims'!$D$4 + 'Weir dims'!$D$5)*(D6^1.5) -> 0.0013136932 | R6: =Q6 * 15850.372483753 -> 20.822526 | S6: =Q6 * 35.3146667 -> 0.046392637
A7: =A6+0.25 -> 1.25 | B7: =IF(A7>=0,A7,0) -> 1.25 | C7: =B7*0.0254 -> 0.03175 | D7: =IF(C7>0, C7+0.0008, 0) -> 0.03255 | E7: =IF(C7>'Weir dims'!$D$7, C7-'Weir dims'!$D$7, 0) -> 0 | F7: =IF(E7>0, E7+0.0008, 0) -> 0 | G7: =(8/15) * 'Weir dims'!$B$21 * ((2*9.81)^0.5)*(TAN(RADIANS('Weir dims'!$B$2)/2)) * ((D7^2.5) - (F7^2.5)) -> 0.00026145941 | H7: =(2/3) * 'Weir dims'!$B$22 * ((2*9.81)^0.5) * ('Weir dims'!$D$4 + 'Weir dims'!$D$5) * (F7 ^1.5) -> 0 | I7: =IF(H7>0, ( G7+H7 ) * 1.092, G7) -> 0.00026145941 | J7: =I7 * 15850.372483753 -> 4.144229 | K7: =I7 * 35.3146667 -> 0.0092333519 | M7: =(8/15) * 'Weir dims'!$B$21 * ((2*9.81)^0.5)*(TAN(RADIANS('Weir dims'!$B$2)/2)) * (D7^2.5) -> 0.00026145941 | N7: =M7 * 15850.372483753 -> 4.144229 | O7: =M7 * 35.3146667 -> 0.0092333519 | Q7: =(2/3)*'Weir dims'!$B$22*((2*9.81)^0.5)*('Weir dims'!$D$4 + 'Weir dims'!$D$5)*(D7^1.5) -> 0.00181915 | R7: =Q7 * 15850.372483753 -> 28.834204 | S7: =Q7 * 35.3146667 -> 0.064242674
A8: =A7+0.25 -> 1.5 | B8: =IF(A8>=0,A8,0) -> 1.5 | C8: =B8*0.0254 -> 0.0381 | D8: =IF(C8>0, C8+0.0008, 0) -> 0.0389 | E8: =IF(C8>'Weir dims'!$D$7, C8-'Weir dims'!$D$7, 0) -> 0 | F8: =IF(E8>0, E8+0.0008, 0) -> 0 | G8: =(8/15) * 'Weir dims'!$B$21 * ((2*9.81)^0.5)*(TAN(RADIANS('Weir dims'!$B$2)/2)) * ((D8^2.5) - (F8^2.5)) -> 0.00040822613 | H8: =(2/3) * 'Weir dims'!$B$22 * ((2*9.81)^0.5) * ('Weir dims'!$D$4 + 'Weir dims'!$D$5) * (F8 ^1.5) -> 0 | I8: =IF(H8>0, ( G8+H8 ) * 1.092, G8) -> 0.00040822613 | J8: =I8 * 15850.372483753 -> 6.4705362 | K8: =I8 * 35.3146667 -> 0.01441637 | M8: =(8/15) * 'Weir dims'!$B$21 * ((2*9.81)^0.5)*(TAN(RADIANS('Weir dims'!$B$2)/2)) * (D8^2.5) -> 0.00040822613 | N8: =M8 * 15850.372483753 -> 6.4705362 | O8: =M8 * 35.3146667 -> 0.01441637 | Q8: =(2/3)*'Weir dims'!$B$22*((2*9.81)^0.5)*('Weir dims'!$D$4 + 'Weir dims'!$D$5)*(D8^1.5) -> 0.0023766565 | R8: =Q8 * 15850.372483753 -> 37.67089 | S8: =Q8 * 35.3146667 -> 0.083930831
A9: =A8+0.25 -> 1.75 | B9: =IF(A9>=0,A9,0) -> 1.75 | C9: =B9*0.0254 -> 0.04445 | D9: =IF(C9>0, C9+0.0008, 0) -> 0.04525 | E9: =IF(C9>'Weir dims'!$D$7, C9-'Weir dims'!$D$7, 0) -> 0 | F9: =IF(E9>0, E9+0.0008, 0) -> 0 | G9: =(8/15) * 'Weir dims'!$B$21 * ((2*9.81)^0.5)*(TAN(RADIANS('Weir dims'!$B$2)/2)) * ((D9^2.5) - (F9^2.5)) -> 0.00059576262 | H9: =(2/3) * 'Weir dims'!$B$22 * ((2*9.81)^0.5) * ('Weir dims'!$D$4 + 'Weir dims'!$D$5) * (F9 ^1.5) -> 0 | I9: =IF(H9>0, ( G9+H9 ) * 1.092, G9) -> 0.00059576262 | J9: =I9 * 15850.372483753 -> 9.4430595 | K9: =I9 * 35.3146667 -> 0.021039158 | M9: =(8/15) * 'Weir dims'!$B$21 * ((2*9.81)^0.5)*(TAN(RADIANS('Weir dims'!$B$2)/2)) * (D9^2.5) -> 0.00059576262 | N9: =M9 * 15850.372483753 -> 9.4430595 | O9: =M9 * 35.3146667 -> 0.021039158 | Q9: =(2/3)*'Weir dims'!$B$22*((2*9.81)^0.5)*('Weir dims'!$D$4 + 'Weir dims'!$D$5)*(D9^1.5) -> 0.0029817408 | R9: =Q9 * 15850.372483753 -> 47.261702 | S9: =Q9 * 35.3146667 -> 0.10529918
A10: =A9+0.25 -> 2 | B10: =IF(A10>=0,A10,0) -> 2 | C10: =B10*0.0254 -> 0.0508 | D10: =IF(C10>0, C10+0.0008, 0) -> 0.0516 | E10: =IF(C10>'Weir dims'!$D$7, C10-'Weir dims'!$D$7, 0) -> 0 | F10: =IF(E10>0, E10+0.0008, 0) -> 0 | G10: =(8/15) * 'Weir dims'!$B$21 * ((2*9.81)^0.5)*(TAN(RADIANS('Weir dims'!$B$2)/2)) * ((D10^2.5) - (F10^2.5)) -> 0.00082727718 | H10: =(2/3) * 'Weir dims'!$B$22 * ((2*9.81)^0.5) * ('Weir dims'!$D$4 + 'Weir dims'!$D$5) * (F10 ^1.5) -> 0 | I10: =IF(H10>0, ( G10+H10 ) * 1.092, G10) -> 0.00082727718 | J10: =I10 * 15850.372483753 -> 13.112652 | K10: =I10 * 35.3146667 -> 0.029215018 | M10: =(8/15) * 'Weir dims'!$B$21 * ((2*9.81)^0.5)*(TAN(RADIANS('Weir dims'!$B$2)/2)) * (D10^2.5) -> 0.00082727718 | N10: =M10 * 15850.372483753 -> 13.112652 | O10: =M10 * 35.3146667 -> 0.029215018 | Q10: =(2/3)*'Weir dims'!$B$22*((2*9.81)^0.5)*('Weir dims'!$D$4 + 'Weir dims'!$D$5)*(D10^1.5) -> 0.003630919 | R10: =Q10 * 15850.372483753 -> 57.551419 | S10: =Q10 * 35.3146667 -> 0.1282247
A11: =A10+0.25 -> 2.25 | B11: =IF(A11>=0,A11,0) -> 2.25 | C11: =B11*0.0254 -> 0.05715 | D11: =IF(C11>0, C11+0.0008, 0) -> 0.05795 | E11: =IF(C11>'Weir dims'!$D$7, C11-'Weir dims'!$D$7, 0) -> 0.00635 | F11: =IF(E11>0, E11+0.0008, 0) -> 0.00715 | G11: =(8/15) * 'Weir dims'!$B$21 * ((2*9.81)^0.5)*(TAN(RADIANS('Weir dims'!$B$2)/2)) * ((D11^2.5) - (F11^2.5)) -> 0.001099846 | H11: =(2/3) * 'Weir dims'!$B$22 * ((2*9.81)^0.5) * ('Weir dims'!$D$4 + 'Weir dims'!$D$5) * (F11 ^1.5) -> 0.00018728417 | I11: =IF(H11>0, ( G11+H11 ) * 1.092, G11) -> 0.0014055461 | J11: =I11 * 15850.372483753 -> 22.27843 | K11: =I11 * 35.3146667 -> 0.049636393 | M11: =(8/15) * 'Weir dims'!$B$21 * ((2*9.81)^0.5)*(TAN(RADIANS('Weir dims'!$B$2)/2)) * (D11^2.5) -> 0.0011057588 | N11: =M11 * 15850.372483753 -> 17.526688 | O11: =M11 * 35.3146667 -> 0.039049503 | Q11: =(2/3)*'Weir dims'!$B$22*((2*9.81)^0.5)*('Weir dims'!$D$4 + 'Weir dims'!$D$5)*(D11^1.5) -> 0.0043213771 | R11: =Q11 * 15850.372483753 -> 68.495437 | S11: =Q11 * 35.3146667 -> 0.15260799
A12: =A11+0.25 -> 2.5 | B12: =IF(A12>=0,A12,0) -> 2.5 | C12: =B12*0.0254 -> 0.0635 | D12: =IF(C12>0, C12+0.0008, 0) -> 0.0643 | E12: =IF(C12>'Weir dims'!$D$7, C12-'Weir dims'!$D$7, 0) -> 0.0127 | F12: =IF(E12>0, E12+0.0008, 0) -> 0.0135 | G12: =(8/15) * 'Weir dims'!$B$21 * ((2*9.81)^0.5)*(TAN(RADIANS('Weir dims'!$B$2)/2)) * ((D12^2.5) - (F12^2.5)) -> 0.0014050526 | H12: =(2/3) * 'Weir dims'!$B$22 * ((2*9.81)^0.5) * ('Weir dims'!$D$4 + 'Weir dims'!$D$5) * (F12 ^1.5) -> 0.00048589526 | I12: =IF(H12>0, ( G12+H12 ) * 1.092, G12) -> 0.002064915 | J12: =I12 * 15850.372483753 -> 32.729673 | K12: =I12 * 35.3146667 -> 0.072921786 | M12: =(8/15) * 'Weir dims'!$B$21 * ((2*9.81)^0.5)*(TAN(RADIANS('Weir dims'!$B$2)/2)) * (D12^2.5) -> 0.0014340168 | N12: =M12 * 15850.372483753 -> 22.7297 | O12: =M12 * 35.3146667 -> 0.050641824 | Q12: =(2/3)*'Weir dims'!$B$22*((2*9.81)^0.5)*('Weir dims'!$D$4 + 'Weir dims'!$D$5)*(D12^1.5) -> 0.0050507802 | R12: =Q12 * 15850.372483753 -> 80.056748 | S12: =Q12 * 35.3146667 -> 0.17836662
A13: =A12+0.25 -> 2.75 | B13: =IF(A13>=0,A13,0) -> 2.75 | C13: =B13*0.0254 -> 0.06985 | D13: =IF(C13>0, C13+0.0008, 0) -> 0.07065 | E13: =IF(C13>'Weir dims'!$D$7, C13-'Weir dims'!$D$7, 0) -> 0.01905 | F13: =IF(E13>0, E13+0.0008, 0) -> 0.01985 | G13: =(8/15) * 'Weir dims'!$B$21 * ((2*9.81)^0.5)*(TAN(RADIANS('Weir dims'!$B$2)/2)) * ((D13^2.5) - (F13^2.5)) -> 0.0017387773 | H13: =(2/3) * 'Weir dims'!$B$22 * ((2*9.81)^0.5) * ('Weir dims'!$D$4 + 'Weir dims'!$D$5) * (F13 ^1.5) -> 0.00086632885 | I13: =IF(H13>0, ( G13+H13 ) * 1.092, G13) -> 0.002844776 | J13: =I13 * 15850.372483753 -> 45.090759 | K13: =I13 * 35.3146667 -> 0.10046231 | M13: =(8/15) * 'Weir dims'!$B$21 * ((2*9.81)^0.5)*(TAN(RADIANS('Weir dims'!$B$2)/2)) * (D13^2.5) -> 0.0018147099 | N13: =M13 * 15850.372483753 -> 28.763828 | O13: =M13 * 35.3146667 -> 0.064085875 | Q13: =(2/3)*'Weir dims'!$B$22*((2*9.81)^0.5)*('Weir dims'!$D$4 + 'Weir dims'!$D$5)*(D13^1.5) -> 0.00581715 | R13: =Q13 * 15850.372483753 -> 92.203994 | S13: =Q13 * 35.3146667 -> 0.20543071
A14: =A13+0.25 -> 3 | B14: =IF(A14>=0,A14,0) -> 3 | C14: =B14*0.0254 -> 0.0762 | D14: =IF(C14>0, C14+0.0008, 0) -> 0.077 | E14: =IF(C14>'Weir dims'!$D$7, C14-'Weir dims'!$D$7, 0) -> 0.0254 | F14: =IF(E14>0, E14+0.0008, 0) -> 0.0262 | G14: =(8/15) * 'Weir dims'!$B$21 * ((2*9.81)^0.5)*(TAN(RADIANS('Weir dims'!$B$2)/2)) * ((D14^2.5) - (F14^2.5)) -> 0.0020983906 | H14: =(2/3) * 'Weir dims'!$B$22 * ((2*9.81)^0.5) * ('Weir dims'!$D$4 + 'Weir dims'!$D$5) * (F14 ^1.5) -> 0.0013136932 | I14: =IF(H14>0, ( G14+H14 ) * 1.092, G14) -> 0.0037259955 | J14: =I14 * 15850.372483753 -> 59.058416 | K14: =I14 * 35.3146667 -> 0.13158229 | M14: =(8/15) * 'Weir dims'!$B$21 * ((2*9.81)^0.5)*(TAN(RADIANS('Weir dims'!$B$2)/2)) * (D14^2.5) -> 0.0022503683 | N14: =M14 * 15850.372483753 -> 35.669176 | O14: =M14 * 35.3146667 -> 0.079471007 | Q14: =(2/3)*'Weir dims'!$B$22*((2*9.81)^0.5)*('Weir dims'!$D$4 + 'Weir dims'!$D$5)*(D14^1.5) -> 0.0066187823 | R14: =Q14 * 15850.372483753 -> 104.91017 | S14: =Q14 * 35.3146667 -> 0.23374009
... A50: =A49+0.25 -> 12 | B50: =IF(A50>=0,A50,0) -> 12 | C50: =B50*0.0254 -> 0.3048 | D50: =IF(C50>0, C50+0.0008, 0) -> 0.3056 | E50: =IF(C50>'Weir dims'!$D$7, C50-'Weir dims'!$D$7, 0) -> 0.254 | F50: =IF(E50>0, E50+0.0008, 0) -> 0.2548 | G50: =(8/15) * 'Weir dims'!$B$21 * ((2*9.81)^0.5)*(TAN(RADIANS('Weir dims'!$B$2)/2)) * ((D50^2.5) - (F50^2.5)) -> 0.025791625 | H50: =(2/3) * 'Weir dims'!$B$22 * ((2*9.81)^0.5) * ('Weir dims'!$D$4 + 'Weir dims'!$D$5) * (F50 ^1.5) -> 0.039842001 | I50: =IF(H50>0, ( G50+H50 ) * 1.092, G50) -> 0.07167192 | J50: =I50 * 15850.372483753 -> 1136.0266 | K50: =I50 * 35.3146667 -> 2.53107 | M50: =(8/15) * 'Weir dims'!$B$21 * ((2*9.81)^0.5)*(TAN(RADIANS('Weir dims'!$B$2)/2)) * (D50^2.5) -> 0.070617147 | N50: =M50 * 15850.372483753 -> 1119.3081 | O50: =M50 * 35.3146667 -> 2.493821 | Q50: =(2/3)*'Weir dims'!$B$22*((2*9.81)^0.5)*('Weir dims'!$D$4 + 'Weir dims'!$D$5)*(D50^1.5) -> 0.052332567 | R50: =Q50 * 15850.372483753 -> 829.49068 | S50: =Q50 * 35.3146667 -> 1.8481072

Sheet Compound vs Simple 90 V
A1: Level (in) | B1: Level (in), >= 0 | C1: H2 (m) | D1: H2_eff (m) | E1: H1 (m) | F1: H1_eff (m) | G1: Flow (m3/s) vnotch | H1: Flow (m3/s) rectangle | I1: Flow (m3/s) | J1: Flow (gpm) | K1: Flow (cfs) | M1: Flow as simple vnotch m3/s | N1: gpm | O1: cfs | Q1: Flow as rectangular weir m3/s | R1: gpm | S1: cfs
A2: 0 | B2: =IF(A2>=0,A2,0) -> 0 | C2: =B2*0.0254 -> 0 | D2: =IF(C2>0, C2+0.0008, 0) -> 0 | E2: =IF(C2>'Weir dims'!$D$7, C2-'Weir dims'!$D$7, 0) -> 0 | F2: =IF(E2>0, E2+0.0008, 0) -> 0 | G2: =(8/15) * 'Weir dims'!$B$21 * ((2*9.81)^0.5)*(TAN(RADIANS(90)/2)) * ((D2^2.5) - (F2^2.5)) -> 0 | H2: =(2/3) * 'Weir dims'!$B$22 * ((2*9.81)^0.5) * ('Weir dims'!$D$4 + 'Weir dims'!$D$5+(2*'Weir dims'!$D$8)) * (F2 ^1.5) -> 0 | I2: =IF(H2>0, ( G2+H2 ) * 1.092, G2) -> 0 | J2: =I2 * 15850.372483753 -> 0 | K2: =I2 * 35.3146667 -> 0 | M2: =(8/15) * 'Weir dims'!$B$21 * ((2*9.81)^0.5)*(TAN(RADIANS(90)/2)) * (D2^2.5) -> 0 | N2: =M2 * 15850.372483753 -> 0 | O2: =M2 * 35.3146667 -> 0 | Q2: =(2/3)*'Weir dims'!$B$22*((2*9.81)^0.5)*('Weir dims'!$D$4+'Weir dims'!$D$5+(2*'Weir dims'!$D$8))*(D2^1.5) -> 0 | R2: =Q2 * 15850.372483753 -> 0 | S2: =Q2 * 35.3146667 -> 0
A3: =A2+0.25 -> 0.25 | B3: =IF(A3>=0,A3,0) -> 0.25 | C3: =B3*0.0254 -> 0.00635 | D3: =IF(C3>0, C3+0.0008, 0) -> 0.00715 | E3: =IF(C3>'Weir dims'!$D$7, C3-'Weir dims'!$D$7, 0) -> 0 | F3: =IF(E3>0, E3+0.0008, 0) -> 0 | G3: =(8/15) * 'Weir dims'!$B$21 * ((2*9.81)^0.5)*(TAN(RADIANS(90)/2)) * ((D3^2.5) - (F3^2.5)) -> 5.9127824e-06 | H3: =(2/3) * 'Weir dims'!$B$22 * ((2*9.81)^0.5) * ('Weir dims'!$D$4 + 'Weir dims'!$D$5+(2*'Weir dims'!$D$8)) * (F3 ^1.5) -> 0 | I3: =IF(H3>0, ( G3+H3 ) * 1.092, G3) -> 5.9127824e-06 | J3: =I3 * 15850.372483753 -> 0.093719804 | K3: =I3 * 35.3146667 -> 0.00020880794 | M3: =(8/15) * 'Weir dims'!$B$21 * ((2*9.81)^0.5)*(TAN(RADIANS(90)/2)) * (D3^2.5) -> 5.9127824e-06 | N3: =M3 * 15850.372483753 -> 0.093719804 | O3: =M3 * 35.3146667 -> 0.00020880794 | Q3: =(2/3)*'Weir dims'!$B$22*((2*9.81)^0.5)*('Weir dims'!$D$4+'Weir dims'!$D$5+(2*'Weir dims'!$D$8))*(D3^1.5) -> 0.00040132322 | R3: =Q3 * 15850.372483753 -> 6.3611226 | S3: =Q3 * 35.3146667 -> 0.014172596
A4: =A3+0.25 -> 0.5 | B4: =IF(A4>=0,A4,0) -> 0.5 | C4: =B4*0.0254 -> 0.0127 | D4: =IF(C4>0, C4+0.0008, 0) -> 0.0135 | E4: =IF(C4>'Weir dims'!$D$7, C4-'Weir dims'!$D$7, 0) -> 0 | F4: =IF(E4>0, E4+0.0008, 0) -> 0 | G4: =(8/15) * 'Weir dims'!$B$21 * ((2*9.81)^0.5)*(TAN(RADIANS(90)/2)) * ((D4^2.5) - (F4^2.5)) -> 2.8964178e-05 | H4: =(2/3) * 'Weir dims'!$B$22 * ((2*9.81)^0.5) * ('Weir dims'!$D$4 + 'Weir dims'!$D$5+(2*'Weir dims'!$D$8)) * (F4 ^1.5) -> 0 | I4: =IF(H4>0, ( G4+H4 ) * 1.092, G4) -> 2.8964178e-05 | J4: =I4 * 15850.372483753 -> 0.45909302 | K4: =I4 * 35.3146667 -> 0.0010228603 | M4: =(8/15) * 'Weir dims'!$B$21 * ((2*9.81)^0.5)*(TAN(RADIANS(90)/2)) * (D4^2.5) -> 2.8964178e-05 | N4: =M4 * 15850.372483753 -> 0.45909302 | O4: =M4 * 35.3146667 -> 0.0010228603 | Q4: =(2/3)*'Weir dims'!$B$22*((2*9.81)^0.5)*('Weir dims'!$D$4+'Weir dims'!$D$5+(2*'Weir dims'!$D$8))*(D4^1.5) -> 0.0010412041 | R4: =Q4 * 15850.372483753 -> 16.503473 | S4: =Q4 * 35.3146667 -> 0.036769777
A5: =A4+0.25 -> 0.75 | B5: =IF(A5>=0,A5,0) -> 0.75 | C5: =B5*0.0254 -> 0.01905 | D5: =IF(C5>0, C5+0.0008, 0) -> 0.01985 | E5: =IF(C5>'Weir dims'!$D$7, C5-'Weir dims'!$D$7, 0) -> 0 | F5: =IF(E5>0, E5+0.0008, 0) -> 0 | G5: =(8/15) * 'Weir dims'!$B$21 * ((2*9.81)^0.5)*(TAN(RADIANS(90)/2)) * ((D5^2.5) - (F5^2.5)) -> 7.5932565e-05 | H5: =(2/3) * 'Weir dims'!$B$22 * ((2*9.81)^0.5) * ('Weir dims'!$D$4 + 'Weir dims'!$D$5+(2*'Weir dims'!$D$8)) * (F5 ^1.5) -> 0 | I5: =IF(H5>0, ( G5+H5 ) * 1.092, G5) -> 7.5932565e-05 | J5: =I5 * 15850.372483753 -> 1.2035594 | K5: =I5 * 35.3146667 -> 0.0026815332 | M5: =(8/15) * 'Weir dims'!$B$21 * ((2*9.81)^0.5)*(TAN(RADIANS(90)/2)) * (D5^2.5) -> 7.5932565e-05 | N5: =M5 * 15850.372483753 -> 1.2035594 | O5: =M5 * 35.3146667 -> 0.0026815332 | Q5: =(2/3)*'Weir dims'!$B$22*((2*9.81)^0.5)*('Weir dims'!$D$4+'Weir dims'!$D$5+(2*'Weir dims'!$D$8))*(D5^1.5) -> 0.001856419 | R5: =Q5 * 15850.372483753 -> 29.424932 | S5: =Q5 * 35.3146667 -> 0.065558817
A6: =A5+0.25 -> 1 | B6: =IF(A6>=0,A6,0) -> 1 | C6: =B6*0.0254 -> 0.0254 | D6: =IF(C6>0, C6+0.0008, 0) -> 0.0262 | E6: =IF(C6>'Weir dims'!$D$7, C6-'Weir dims'!$D$7, 0) -> 0 | F6: =IF(E6>0, E6+0.0008, 0) -> 0 | G6: =(8/15) * 'Weir dims'!$B$21 * ((2*9.81)^0.5)*(TAN(RADIANS(90)/2)) * ((D6^2.5) - (F6^2.5)) -> 0.00015197775 | H6: =(2/3) * 'Weir dims'!$B$22 * ((2*9.81)^0.5) * ('Weir dims'!$D$4 + 'Weir dims'!$D$5+(2*'Weir dims'!$D$8)) * (F6 ^1.5) -> 0 | I6: =IF(H6>0, ( G6+H6 ) * 1.092, G6) -> 0.00015197775 | J6: =I6 * 15850.372483753 -> 2.408904 | K6: =I6 * 35.3146667 -> 0.0053670437 | M6: =(8/15) * 'Weir dims'!$B$21 * ((2*9.81)^0.5)*(TAN(RADIANS(90)/2)) * (D6^2.5) -> 0.00015197775 | N6: =M6 * 15850.372483753 -> 2.408904 | O6: =M6 * 35.3146667 -> 0.0053670437 | Q6: =(2/3)*'Weir dims'!$B$22*((2*9.81)^0.5)*('Weir dims'!$D$4+'Weir dims'!$D$5+(2*'Weir dims'!$D$8))*(D6^1.5) -> 0.0028150568 | R6: =Q6 * 15850.372483753 -> 44.619699 | S6: =Q6 * 35.3146667 -> 0.099412794
A7: =A6+0.25 -> 1.25 | B7: =IF(A7>=0,A7,0) -> 1.25 | C7: =B7*0.0254 -> 0.03175 | D7: =IF(C7>0, C7+0.0008, 0) -> 0.03255 | E7: =IF(C7>'Weir dims'!$D$7, C7-'Weir dims'!$D$7, 0) -> 0 | F7: =IF(E7>0, E7+0.0008, 0) -> 0 | G7: =(8/15) * 'Weir dims'!$B$21 * ((2*9.81)^0.5)*(TAN(RADIANS(90)/2)) * ((D7^2.5) - (F7^2.5)) -> 0.00026145941 | H7: =(2/3) * 'Weir dims'!$B$22 * ((2*9.81)^0.5) * ('Weir dims'!$D$4 + 'Weir dims'!$D$5+(2*'Weir dims'!$D$8)) * (F7 ^1.5) -> 0 | I7: =IF(H7>0, ( G7+H7 ) * 1.092, G7) -> 0.00026145941 | J7: =I7 * 15850.372483753 -> 4.144229 | K7: =I7 * 35.3146667 -> 0.0092333519 | M7: =(8/15) * 'Weir dims'!$B$21 * ((2*9.81)^0.5)*(TAN(RADIANS(90)/2)) * (D7^2.5) -> 0.00026145941 | N7: =M7 * 15850.372483753 -> 4.144229 | O7: =M7 * 35.3146667 -> 0.0092333519 | Q7: =(2/3)*'Weir dims'!$B$22*((2*9.81)^0.5)*('Weir dims'!$D$4+'Weir dims'!$D$5+(2*'Weir dims'!$D$8))*(D7^1.5) -> 0.0038981785 | R7: =Q7 * 15850.372483753 -> 61.787581 | S7: =Q7 * 35.3146667 -> 0.13766287
A8: =A7+0.25 -> 1.5 | B8: =IF(A8>=0,A8,0) -> 1.5 | C8: =B8*0.0254 -> 0.0381 | D8: =IF(C8>0, C8+0.0008, 0) -> 0.0389 | E8: =IF(C8>'Weir dims'!$D$7, C8-'Weir dims'!$D$7, 0) -> 0 | F8: =IF(E8>0, E8+0.0008, 0) -> 0 | G8: =(8/15) * 'Weir dims'!$B$21 * ((2*9.81)^0.5)*(TAN(RADIANS(90)/2)) * ((D8^2.5) - (F8^2.5)) -> 0.00040822613 | H8: =(2/3) * 'Weir dims'!$B$22 * ((2*9.81)^0.5) * ('Weir dims'!$D$4 + 'Weir dims'!$D$5+(2*'Weir dims'!$D$8)) * (F8 ^1.5) -> 0 | I8: =IF(H8>0, ( G8+H8 ) * 1.092, G8) -> 0.00040822613 | J8: =I8 * 15850.372483753 -> 6.4705362 | K8: =I8 * 35.3146667 -> 0.01441637 | M8: =(8/15) * 'Weir dims'!$B$21 * ((2*9.81)^0.5)*(TAN(RADIANS(90)/2)) * (D8^2.5) -> 0.00040822613 | N8: =M8 * 15850.372483753 -> 6.4705362 | O8: =M8 * 35.3146667 -> 0.01441637 | Q8: =(2/3)*'Weir dims'!$B$22*((2*9.81)^0.5)*('Weir dims'!$D$4+'Weir dims'!$D$5+(2*'Weir dims'!$D$8))*(D8^1.5) -> 0.0050928353 | R8: =Q8 * 15850.372483753 -> 80.723337 | S8: =Q8 * 35.3146667 -> 0.17985178
A9: =A8+0.25 -> 1.75 | B9: =IF(A9>=0,A9,0) -> 1.75 | C9: =B9*0.0254 -> 0.04445 | D9: =IF(C9>0, C9+0.0008, 0) -> 0.04525 | E9: =IF(C9>'Weir dims'!$D$7, C9-'Weir dims'!$D$7, 0) -> 0 | F9: =IF(E9>0, E9+0.0008, 0) -> 0 | G9: =(8/15) * 'Weir dims'!$B$21 * ((2*9.81)^0.5)*(TAN(RADIANS(90)/2)) * ((D9^2.5) - (F9^2.5)) -> 0.00059576262 | H9: =(2/3) * 'Weir dims'!$B$22 * ((2*9.81)^0.5) * ('Weir dims'!$D$4 + 'Weir dims'!$D$5+(2*'Weir dims'!$D$8)) * (F9 ^1.5) -> 0 | I9: =IF(H9>0, ( G9+H9 ) * 1.092, G9) -> 0.00059576262 | J9: =I9 * 15850.372483753 -> 9.4430595 | K9: =I9 * 35.3146667 -> 0.021039158 | M9: =(8/15) * 'Weir dims'!$B$21 * ((2*9.81)^0.5)*(TAN(RADIANS(90)/2)) * (D9^2.5) -> 0.00059576262 | N9: =M9 * 15850.372483753 -> 9.4430595 | O9: =M9 * 35.3146667 -> 0.021039158 | Q9: =(2/3)*'Weir dims'!$B$22*((2*9.81)^0.5)*('Weir dims'!$D$4+'Weir dims'!$D$5+(2*'Weir dims'!$D$8))*(D9^1.5) -> 0.0063894445 | R9: =Q9 * 15850.372483753 -> 101.27508 | S9: =Q9 * 35.3146667 -> 0.2256411
A10: =A9+0.25 -> 2 | B10: =IF(A10>=0,A10,0) -> 2 | C10: =B10*0.0254 -> 0.0508 | D10: =IF(C10>0, C10+0.0008, 0) -> 0.0516 | E10: =IF(C10>'Weir dims'!$D$7, C10-'Weir dims'!$D$7, 0) -> 0 | F10: =IF(E10>0, E10+0.0008, 0) -> 0 | G10: =(8/15) * 'Weir dims'!$B$21 * ((2*9.81)^0.5)*(TAN(RADIANS(90)/2)) * ((D10^2.5) - (F10^2.5)) -> 0.00082727718 | H10: =(2/3) * 'Weir dims'!$B$22 * ((2*9.81)^0.5) * ('Weir dims'!$D$4 + 'Weir dims'!$D$5+(2*'Weir dims'!$D$8)) * (F10 ^1.5) -> 0 | I10: =IF(H10>0, ( G10+H10 ) * 1.092, G10) -> 0.00082727718 | J10: =I10 * 15850.372483753 -> 13.112652 | K10: =I10 * 35.3146667 -> 0.029215018 | M10: =(8/15) * 'Weir dims'!$B$21 * ((2*9.81)^0.5)*(TAN(RADIANS(90)/2)) * (D10^2.5) -> 0.00082727718 | N10: =M10 * 15850.372483753 -> 13.112652 | O10: =M10 * 35.3146667 -> 0.029215018 | Q10: =(2/3)*'Weir dims'!$B$22*((2*9.81)^0.5)*('Weir dims'!$D$4+'Weir dims'!$D$5+(2*'Weir dims'!$D$8))*(D10^1.5) -> 0.0077805408 | R10: =Q10 * 15850.372483753 -> 123.32447 | S10: =Q10 * 35.3146667 -> 0.2747672
A11: =A10+0.25 -> 2.25 | B11: =IF(A11>=0,A11,0) -> 2.25 | C11: =B11*0.0254 -> 0.05715 | D11: =IF(C11>0, C11+0.0008, 0) -> 0.05795 | E11: =IF(C11>'Weir dims'!$D$7, C11-'Weir dims'!$D$7, 0) -> 0.00635 | F11: =IF(E11>0, E11+0.0008, 0) -> 0.00715 | G11: =(8/15) * 'Weir dims'!$B$21 * ((2*9.81)^0.5)*(TAN(RADIANS(90)/2)) * ((D11^2.5) - (F11^2.5)) -> 0.001099846 | H11: =(2/3) * 'Weir dims'!$B$22 * ((2*9.81)^0.5) * ('Weir dims'!$D$4 + 'Weir dims'!$D$5+(2*'Weir dims'!$D$8)) * (F11 ^1.5) -> 0.00040132322 | I11: =IF(H11>0, ( G11+H11 ) * 1.092, G11) -> 0.0016392768 | J11: =I11 * 15850.372483753 -> 25.983148 | K11: =I11 * 35.3146667 -> 0.057890513 | M11: =(8/15) * 'Weir dims'!$B$21 * ((2*9.81)^0.5)*(TAN(RADIANS(90)/2)) * (D11^2.5) -> 0.0011057588 | N11: =M11 * 15850.372483753 -> 17.526688 | O11: =M11 * 35.3146667 -> 0.039049503 | Q11: =(2/3)*'Weir dims'!$B$22*((2*9.81)^0.5)*('Weir dims'!$D$4+'Weir dims'!$D$5+(2*'Weir dims'!$D$8))*(D11^1.5) -> 0.0092600939 | R11: =Q11 * 15850.372483753 -> 146.77594 | S11: =Q11 * 35.3146667 -> 0.32701713
A12: =A11+0.25 -> 2.5 | B12: =IF(A12>=0,A12,0) -> 2.5 | C12: =B12*0.0254 -> 0.0635 | D12: =IF(C12>0, C12+0.0008, 0) -> 0.0643 | E12: =IF(C12>'Weir dims'!$D$7, C12-'Weir dims'!$D$7, 0) -> 0.0127 | F12: =IF(E12>0, E12+0.0008, 0) -> 0.0135 | G12: =(8/15) * 'Weir dims'!$B$21 * ((2*9.81)^0.5)*(TAN(RADIANS(90)/2)) * ((D12^2.5) - (F12^2.5)) -> 0.0014050526 | H12: =(2/3) * 'Weir dims'!$B$22 * ((2*9.81)^0.5) * ('Weir dims'!$D$4 + 'Weir dims'!$D$5+(2*'Weir dims'!$D$8)) * (F12 ^1.5) -> 0.0010412041 | I12: =IF(H12>0, ( G12+H12 ) * 1.092, G12) -> 0.0026713123 | J12: =I12 * 15850.372483753 -> 42.341295 | K12: =I12 * 35.3146667 -> 0.094336504 | M12: =(8/15) * 'Weir dims'!$B$21 * ((2*9.81)^0.5)*(TAN(RADIANS(90)/2)) * (D12^2.5) -> 0.0014340168 | N12: =M12 * 15850.372483753 -> 22.7297 | O12: =M12 * 35.3146667 -> 0.050641824 | Q12: =(2/3)*'Weir dims'!$B$22*((2*9.81)^0.5)*('Weir dims'!$D$4+'Weir dims'!$D$5+(2*'Weir dims'!$D$8))*(D12^1.5) -> 0.0108231 | R12: =Q12 * 15850.372483753 -> 171.55017 | S12: =Q12 * 35.3146667 -> 0.38221419
A13: =A12+0.25 -> 2.75 | B13: =IF(A13>=0,A13,0) -> 2.75 | C13: =B13*0.0254 -> 0.06985 | D13: =IF(C13>0, C13+0.0008, 0) -> 0.07065 | E13: =IF(C13>'Weir dims'!$D$7, C13-'Weir dims'!$D$7, 0) -> 0.01905 | F13: =IF(E13>0, E13+0.0008, 0) -> 0.01985 | G13: =(8/15) * 'Weir dims'!$B$21 * ((2*9.81)^0.5)*(TAN(RADIANS(90)/2)) * ((D13^2.5) - (F13^2.5)) -> 0.0017387773 | H13: =(2/3) * 'Weir dims'!$B$22 * ((2*9.81)^0.5) * ('Weir dims'!$D$4 + 'Weir dims'!$D$5+(2*'Weir dims'!$D$8)) * (F13 ^1.5) -> 0.001856419 | I13: =IF(H13>0, ( G13+H13 ) * 1.092, G13) -> 0.0039259544 | J13: =I13 * 15850.372483753 -> 62.227839 | K13: =I13 * 35.3146667 -> 0.13864377 | M13: =(8/15) * 'Weir dims'!$B$21 * ((2*9.81)^0.5)*(TAN(RADIANS(90)/2)) * (D13^2.5) -> 0.0018147099 | N13: =M13 * 15850.372483753 -> 28.763828 | O13: =M13 * 35.3146667 -> 0.064085875 | Q13: =(2/3)*'Weir dims'!$B$22*((2*9.81)^0.5)*('Weir dims'!$D$4+'Weir dims'!$D$5+(2*'Weir dims'!$D$8))*(D13^1.5) -> 0.012465321 | R13: =Q13 * 15850.372483753 -> 197.57999 | S13: =Q13 * 35.3146667 -> 0.44020867
A14: =A13+0.25 -> 3 | B14: =IF(A14>=0,A14,0) -> 3 | C14: =B14*0.0254 -> 0.0762 | D14: =IF(C14>0, C14+0.0008, 0) -> 0.077 | E14: =IF(C14>'Weir dims'!$D$7, C14-'Weir dims'!$D$7, 0) -> 0.0254 | F14: =IF(E14>0, E14+0.0008, 0) -> 0.0262 | G14: =(8/15) * 'Weir dims'!$B$21 * ((2*9.81)^0.5)*(TAN(RADIANS(90)/2)) * ((D14^2.5) - (F14^2.5)) -> 0.0020983906 | H14: =(2/3) * 'Weir dims'!$B$22 * ((2*9.81)^0.5) * ('Weir dims'!$D$4 + 'Weir dims'!$D$5+(2*'Weir dims'!$D$8)) * (F14 ^1.5) -> 0.0028150568 | I14: =IF(H14>0, ( G14+H14 ) * 1.092, G14) -> 0.0053654846 | J14: =I14 * 15850.372483753 -> 85.044929 | K14: =I14 * 35.3146667 -> 0.1894803 | M14: =(8/15) * 'Weir dims'!$B$21 * ((2*9.81)^0.5)*(TAN(RADIANS(90)/2)) * (D14^2.5) -> 0.0022503683 | N14: =M14 * 15850.372483753 -> 35.669176 | O14: =M14 * 35.3146667 -> 0.079471007 | Q14: =(2/3)*'Weir dims'!$B$22*((2*9.81)^0.5)*('Weir dims'!$D$4+'Weir dims'!$D$5+(2*'Weir dims'!$D$8))*(D14^1.5) -> 0.014183105 | R14: =Q14 * 15850.372483753 -> 224.8075 | S14: =Q14 * 35.3146667 -> 0.50087163
... A50: =A49+0.25 -> 12 | B50: =IF(A50>=0,A50,0) -> 12 | C50: =B50*0.0254 -> 0.3048 | D50: =IF(C50>0, C50+0.0008, 0) -> 0.3056 | E50: =IF(C50>'Weir dims'!$D$7, C50-'Weir dims'!$D$7, 0) -> 0.254 | F50: =IF(E50>0, E50+0.0008, 0) -> 0.2548 | G50: =(8/15) * 'Weir dims'!$B$21 * ((2*9.81)^0.5)*(TAN(RADIANS(90)/2)) * ((D50^2.5) - (F50^2.5)) -> 0.025791625 | H50: =(2/3) * 'Weir dims'!$B$22 * ((2*9.81)^0.5) * ('Weir dims'!$D$4 + 'Weir dims'!$D$5+(2*'Weir dims'!$D$8)) * (F50 ^1.5) -> 0.085375717 | I50: =IF(H50>0, ( G50+H50 ) * 1.092, G50) -> 0.12139474 | J50: =I50 * 15850.372483753 -> 1924.1518 | K50: =I50 * 35.3146667 -> 4.2870147 | M50: =(8/15) * 'Weir dims'!$B$21 * ((2*9.81)^0.5)*(TAN(RADIANS(90)/2)) * (D50^2.5) -> 0.070617147 | N50: =M50 * 15850.372483753 -> 1119.3081 | O50: =M50 * 35.3146667 -> 2.493821 | Q50: =(2/3)*'Weir dims'!$B$22*((2*9.81)^0.5)*('Weir dims'!$D$4+'Weir dims'!$D$5+(2*'Weir dims'!$D$8))*(D50^1.5) -> 0.11214121 | R50: =Q50 * 15850.372483753 -> 1777.48 | S50: =Q50 * 35.3146667 -> 3.9602296

Sheet Weir dims
A1: Weir dims
A2: V-notch angle | B2: 90
B3: inches | C3: cm | D3: m
A4: b1 (left) | B4: 3.5 | C4: =B4*2.54 -> 8.89 | D4: =C4/100 -> 0.0889
A5: b1 right (if different) | B5: 3.5 | C5: =B5*2.54 -> 8.89 | D5: =C5/100 -> 0.0889
A6: b2 | B6: 8 | C6: =B6*2.54 -> 20.32 | D6: =C6/100 -> 0.2032
A7: h1 | B7: 2 | C7: =B7*2.54 -> 5.08 | D7: =C7/100 -> 0.0508
A8: h2 | B8: 4 | C8: =B8*2.54 -> 10.16 | D8: =C8/100 -> 0.1016
A9: c1 | B9: NA
A10: c2 | B10: NA
A20: Constants
A21: Ctd | B21: 0.579
A22: Crd | B22: 0.59
